IDX,Source,Category,Topic,References,Description,Done
1,What Most Catholics Get Wrong,,"3 Levels of Reasoning: ""What you grew up with"", 2) What you believe, 3) How you act (Tradition, Belief, Action)",,,10/21/20
2,What Most Catholics Get Wrong,,Not good at Evangelizing,,,19-Aug
3,What Most Catholics Get Wrong,,Women can’t be priests,,,remove
4,What Most Catholics Get Wrong,,Guilt as a Catholic tradition,,Michael R said he has a plan for this one (a year ago),8/26/20
5,What Most Catholics Get Wrong,,Real-Presence / Transubstantiation,,,remove
6,What Most Catholics Get Wrong,,How should we be following the Code of Canon Law? (How do we learn about it and how much do we put in practice?),,,remove
7,What Most Catholics Get Wrong,,What is the scope of the Church's authority in our lives? Should we defer to the Church on all moral issues? When do we just with our conscience?,,,2/13/19
8,What Most Catholics Get Wrong,,Should public leaders and people in positions of authority defer to Church teaching?,,,remove
9,What Most Catholics Get Wrong,,Catholics believe people are saved by works [Faith vs. Works and the claim that Catholics believe they are saved by works],,,remove
10,What Most Catholics Get Wrong,,Catholics believe only Catholics can go to heaven,,,remove
11,What Most Catholics Get Wrong,,Women are excluded from positions of leadership,,,remove
12,What Most Catholics Get Wrong,,No meat on Fridays (ever),,,remove
13,What Most Catholics Get Wrong,,Catholic Mass is just a homily / The Homily is the only part I “get anything out of”,,,remove
14,What Most Catholics Get Wrong,,General Understanding/Value of the Mass,,,remove
15,What Most Catholics Get Wrong,,Gay Marriage,,,X
16,What Most Catholics Get Wrong,,"Other sexual morality, lust, purity: pornography, masturbation, fornication",,,4/17/19
17,Old Ideas spreadsheet,Catechism,The Filioque Controversy in the Byzantine Schism,"http://www.newworldencyclopedia.org/entry/Filioque_clause
There is also a CSYSK podcast about the Byzantine/Orthodox Schism",,remove
18,Old Ideas spreadsheet,,How the Church has historically adapted to culture,,,12/19/18
19,Old Ideas spreadsheet,,Holy Spirit,,,10/10/18
20,Old Ideas spreadsheet,Catechism,"Sacramentals and Relics: Scapulars, Holy Water, Rosary",,,X
21,Old Ideas spreadsheet,Scripture,Job,Reese to lead,The book of Job; can someone lead us through a summary of it?,6/7/23
22,Old Ideas spreadsheet,,Invite a priest,,,X
23,Old Ideas spreadsheet,,Revisit Giussani book: Religious Awareness in Modern Man,,,duplicated in row 84
24,Old Ideas spreadsheet,,Symbolism in the Mass,,,2018
25,Old Ideas spreadsheet,,Tradition: Faith as Scripture and Tradition (versus Sola Scriptura); Tradition and tradition,,,X
26,Old Ideas spreadsheet,,Theology of the Body. Format: one person researching and leading? read chapter ahead of time and discuss? read it during group? Christopher West (?) has a video series on it (Jared),https://ascensionpress.com/shop/products/an-introduction-to-the-theology-of-the-body-8-part-study,,6/8/22
27,Old Ideas spreadsheet,,Papal Encyclicals,,,10/24/18
28,Old Ideas spreadsheet,,Summa Theologica or other readings from Doctors or Fathers of the Church,,,
29,Old Ideas spreadsheet,Scripture,Series: a whole book (Gospel? Epistle?),,,18-Jan
30,Old Ideas spreadsheet,Culture,How to Respond to People on the Street. give? how/why?,,,remove
31,Old Ideas spreadsheet,,Beatitudes: reflect on each one and how to live it out,,,5/22/19
32,Old Ideas spreadsheet,,"Seven Deadly sins, 1 week for each; Spiritual, physical, Emotional, relationship, mental accountability",,,19-Apr
33,Old Ideas spreadsheet,Catechism,Mortal sin: Is it easy or hard to commit mortal sin?,,,remove
34,Old Ideas spreadsheet,,Sunday readings,"See reflection question on catholic4waukesha.org, Citywide Ino/Faith Formation tabs",,remove
35,Old Ideas spreadsheet,,Vulnerability,Vulnerability,,remove
36,Old Ideas spreadsheet,,"Reaction and managemtn of ""Christian/catholic extermists""",,,6/5/19
37,Levi,Other,Invite a Jesuit to talk,,,Summer 18
38,Jared,Other,Field trip to a historic church and/or bar in Milwaukee.,,"part educational, part social. Anyone have any suggestions for a historic church or other venue to visit in the Milwaukee area?",
39,Jared,Living the Faith,Service event in the area on a Wednesday night (I can help organize).,,,remove
40,Jared,Living the Faith,"Different forms of catholic prayer (Lectio Devina, contemplation/meditation, spontaneous prayer, praise/worship, etc)",,,18-Sep
41,Reese,Living the Faith,Stewardship of God's resources,Reese's life,,2/20/19
42,George,Current Event,How awesome Bryan is at BoF,,,remove
43,September 2018 Survey,Current Event,The recent clerical scandals - the facts & how to move forward.,,,X
44,,,"Sacraments of Initiation: Baptism, Eucharist, Confirmation",,,X
45,,,"Compare and Contrast the Gospels: author, audience, structure",,,X
46,,,What I learned on my 6-day silent retreat,,,remove
47,Bryan,Catechism,"CCC 422-455: Jesus Christ, His Only Son, Our Lord",Current Event,,5/8/19
48,Mitch (via Bryan),Scripture,History of the Cannon and selection of books,,,X
49,JP and Kevin,,St. Augustine,,,10/30/19
50,JP,Book,"Book Discussion (read ahead of time, discuss in group)",,,5/12/19
51,JP,Event,Pilgrimage/outing to TBD place,,Matt suggested Holy Hill (April 2023 survey).,
52,Reese,Topic,Ordered use of material blessings (Reese + Josh),,,2/20/19
53,Josh Demeter,Living the Faith,Favorite Quotes share and discuss,everyone can bring a few and we can go around sharing what and why we like it and everyone can discuss,,Q1 2020
54,Bryan,Scripture,King David,"His story, from Anointing to Goliath, Jonathon, and Bathsheba, to father to legend","A survey of the life of King David, and Scripture relating to him",10/28/20
55,JP,Other,Capital punishment,(January 2019 topics survey),"discuss the morality of it, what the church teaches, when it is okay and not okay",
56,JP,Catechism,the Church's Marian dogmas,(January 2019 topics survey),"The theology around the Marian Dogmas of the Church  (Divine Motherhood, Perpetual Virginity, Immaculate Conception, Assumption)",
57,JP,Catechism,relationship between nature and grace,(January 2019 topics survey),,19-Mar
58,John Paul Shimek,Book,"Read Ratzinger's ""Introduction to Christianity""",,,book
59,Mitch,Book,Why Catholics Can't Sing by Thomas Day.,,,book
60,Josh / Audi,Living the Faith,Living a Liturgical Life,,,19-Aug
61,(from April 2019 survey),Catechism,Heresy and Lukewarm faith,,,5/13/20
62,April 2019 survey,Living the Faith,"Consider revisiting previous topics with new members (homosexuality, co-habitation, etc.)",,,9/25/19
63,April 2019 survey,Living the Faith,Did the saints ever punk each other? (The Role of Humor in the Spiritual Life),,,
64,"April 2019 survey;
CSYSK: Can men be friends?",Living the Faith,What is the Apostolate of Friendship?,,Friendship as an evangelistic activity or work. The benefits of forming new friendships as a means of evangelization.,6/28/23
65,April 2019 survey,Living the Faith,Have we all read Humanae Vitae? (The Church's Teaching on Artificial Contraception and NFP),,,12/4/19
66,April 2019 survey,Catechism,Eucharistic Adoration: What is it? How do you do it? Where do you go in town for it?,,,7/31/19
67,Red notebook June 8,Living the Faith,"Celibacy, singleness, vocation",,,9/4/19
68,,Catechism,"CCC 456-570 ""HE WAS CONCEIVED BY THE POWER OF THE HOLY SPIRIT, AND BORN OF THE VIRGIN MARY""",,,11/20/19
69,July 2019 Goals Discussion,,"Requirements for the priesthood, presently and historically: celibacy, male, etc.  Leadership positions for women",,"Presently and historically: celibacy, male, etc.  Also, leadership positions for women (Pair with Amazonian Synod)",11/4/20
70,July 2019 Goals Discussion,,"Historical Catholic practices and traditions. not eating meat on Fridays throughtout the year.
Confessing sins publicly outside the Church.",,,12/11/19
71,Jared,,Letters to Paul (on Marriage and Courtship),,,book
72,Jared,,Go to Joseph (Fr. Richard Gilsdorf),,,book
73,Jared,,Wild at Heart,,,book
74,Jared,,Surrender (Father Larry),,,book
75,Jared,,That Man is You - 15 weeks (or part of it),,video series,remove
76,Jared,,Crossing the Goal,,video series,remove
77,Jared,,America Needs Fatima presentation,,,remove
78,Jared,,Marian Apparitions through the past 200 years,,,remove
79,Michael,,The Evangelical church,,"Define “Evangelical”, what denominations it does and doesn't incorporate, and what identifes them",3/3/21
80,Mitch,,Why Catholics Can't Sing by Thomas Day.,,Duplicate in row 61,duplicate
81,Revisit,,Co-Habitation - revisited (orig: 3/8/17),,,
82,Revisit,,Book by Luigi Giussani: Religious Awareness in Modern Man revisited (June-July 2015),,read previously in 2015,
83,Revisit,,"Eucharist and Transubstantiation revisited (Sept 7, 2016)",,,
84,Revisit,,"Homosexuality revisited (Feb 7, 2018)",,,9/25/19
85,(June 2019 survey),,Relics and Miracles,,,6/17/20
86,(June 2019 survey),,Ghosts and Apparitions,,Is there a difference? What does the Church teach?,10/27/21
87,(June 2019 survey),,Liturgy of the Hours,,"What is the Liturgy of the Hours, and how does one pray it?",5/10/23
88,(June 2019 survey),,Religious orders,,,Duplicate
89,(June 2019 survey),,Gender Ideology and Transgenderism,,,1/18/23
90,(June 2019 survey),,Abortion and the pro life movement,,,
91,(June 2019 survey),,"Life and spirituality of Saints Maximilian Kolbe, Padre Pio, Joseph, and Bl. pier Georgio Frassati",,,
92,(June 2019 survey),,Spouse/significant other join night? no idea what would be a good topic (maybe the liturgical living one?),,,3/25/20
93,,,Series: The Letter to the Romans (Read through it and discuss.),,,2020
94,Tyler at group,Current Event,The Amazonian Synod where they're considering women deacons and married priests in the region,,,11/11/20
95,JP (January 2020 survey),,"Tradition, Traditions, Traditionalist: What do these words mean?",,,remove
96,JP (January 2020 survey),,Catholic Literary Figures: What's the Relationship between Faith and Good Story Telling?,,,remove
97,Josh (January 2020 survey),,Invite a priest out for a topic of his choosing (Fr. Harry ideally),,,X
98,Bryan,Catechism,"CCC 484 - 511 HE WAS CONCEIVED BY THE POWER OF THE HOLY SPIRIT, AND BORN OF THE VIRGIN MARY",,A section of the Creed in the Catechism. This was already covered on 11/20/19,X
99,"Andrew June 24, 2020",Scripture,Tranlsations of Scripture,,Different translations of Scripture and how they can be used today,10/7/20
100,"Kevin, July 2020 survey",,The Crusades,,What really happened?,2/3/21
101,"Kevin, July 2020 survey",,The four marks of the church,,"One, Holy, Catholic and Apostolic. A discussion about these properties of the Church and what they mean for our faith. Refer to the Catechism and other literature.",3/6/24
102,"Kevin, July 2020 survey",,What is the USCCB,,"The United States Conference of Catholic Bishops. What authority do they have, how are they comprised, and what are they responsible for?",8/24/22
103,"Kevin, July 2020 survey",,"The ""Devils Advocate"" ",,"Why do we always call the ""other"" side of an argument the ""Devil's Advocate?"" The Devil's Advocate is an official role in the canonization process",8/10/22
104,"Jared, July 2020 survey",,A day in the life of St Joseph,,Just another day caring for the son of God and a perfect wife. How did he do it? What do we know about him?,5/1/24
105,"Ty, July 2020 survey",,"St. Therese Of Lisieux, Doctor of the Catholic Church",,,12/9/20
106,"Ty, July 2020 survey",,The New Evangelization,,"The movement started by JP2. How did it begin, what are its goals, and how is it going?",11/18/20
107,"Ty, July 2020 survey",,Eucharistic Miracles  ,,,
108,Bryan,,The Jewish Roots of Holy Week,,For the Wednesdays before and during Holy Week. See document in Google Drive.,3/31/21
109,Kevin,,Interior Freedom (book),,"Author Jacques Philippe develops a simple but important theme: we gain possession of our interior freedom in exact proportion to our growth in faith, hope, and love. Read the book and discuss.",10/6/21
110,Josh via Bryan via online form,Living the Faith,Ask Fr Jorge to tell his Vocation story and talk about seminary,,Josh heard his testimony during the Meet Your Priest night,
111,JP via Bryan via online form,Living the Faith,Aquinas's Five Ways,,JP texted me about this Nov 17 2019. From Wikipedia: Five Ways to prove that God exists,6/23/21
112,Bryan,Catechism,"CCC 595-630, the death of jesus",,,4/13/22
113,"Brody, Nov 2020 survey",,Fratelli tutti,,"Encyclical Fratelli tutti (All Brothers) of the Holy Father Francis, 3 October 2020.
an overview, abridged study, or perhaps reading through someone else's summary (USCCB has a 1 page summary and 21 page overview)",8/3/22
114,"Tyler, Nov 2020 survey",,The Duties of Citizens CCC: 2238-2243,,,6/9/21
115,"Tyler, Nov 2020 survey",,Temptations in Prayer CCC 2729-2744,,,8/25/21
116,"Kevin, 3/10/21 at group",,Consecrations to saints,,,4/21/21
117,"Bryan, 3/11/21",,Consience,,,5/19/21
118,"Caleb, March 2021 Survey",,The 8 Deadly sins according to St. John Cassian,,,11/17/21
119,"Caleb, March 2021 Survey",,Interior Freedom/The Present Moment from a Buddhist perspective ,,,remove
120,"Bryan, 4/28/21",,God speaks to us through our desires,,"The role of desire in Ignatian Spirituality, based on the ""Catholic Stuff"" podcast ""Desire, Experience, Conversion"" (4/22/21)",9/29/21
121,Bryan for Kevin,Living the Faith,The Latin Mass,,Go to a Latin Mass together after talking about it,3/29/23
122,Bryan during group,Catechism,"Free will, predestination, and God's Omniscience",,,9/8/21
123,Josh (via Bryan),Living the Faith,The Ten Most Common Liturgical Abuses,,"See article from Josh from catholic.com, he sent it as a DM in GroupMe",12/15/21
124,"Caleb, August 2021 Survey",,I recently read a book on the Gnostic Gospels found in Nag Hammadi that could lead to an interesting discussion. It's the first major division in the Church that had to do with the balance between the authority of the Church vs someone's personal relationship with God,,,remove
125,"Paul, August 2021 Survey",,Virtues (Theological and Cardinal),,Paul has material from a book,
126,"Paul, August 2021 Survey",,"Silence, Silent Retreats, and Pilgrimages",,,3/16/22
127,"Paul, August 2021 Survey",,Authentic Friendships and Authentic Masculinity,,,2/2/22
128,"Paul, August 2021 Survey",,Our role in the local Church and the Universal Church,,,2/16/22
129,"Paul, August 2021 Survey",,Religious Orders ,,,
130,"Bryan, Dec 2021",,Question Box Questions,,Keep all the questions from the 2022 Retreats and bring them to group. (Record my responses if possible.),1/25/23
131,"Bryan, Jan 2022",,Talking about Bicycles: Four Stages of Enchantment,,"An essay by C.S. Lewis about the four stages of enchantment in faith and in other important aspects of life: 1) Unenchanted, 2) Enchanged, 3) Disenchanted, 4) Re-enchanted. This was discussed in a CSYSK Podcast (#512, 11/12/21)",1/12/22
132,"Tyler, Jan 2022 Survey",,When you’re discouraged,,Based on a Fr. Mike Schmitz podcast.,X
133,"Tyler, Jan 2022 Survey",,Sunday Obligation Explained,,Based on a Fr. Mike Schmitz podcast.,
134,"Tyler, Jan 2022 Survey",,Joy in Uncertainty,,Based on a Fr. Mike Schmitz podcast.,4/5/23
135,Michael 7/27/22,,"Creation, Space, and the Vastness of the Universe.",,Including aliens,12/7/22
136,Josh via online form,,"Book: How to be a Gentleman (or something like that): Sex, Manners, and Ruling the World",,,10/19/22
137,"Tyler, April survey",,Weaknesses become our strengths,,Suggestion from April survey,8/31/22
138,"Paul, April '22 survey",,Have Dr Sri join our group online.,,"He has 30 topics to choose from. He does a 30 minute presentation and then 30 minutes discussion
https://edwardsri.com/virtual-speaking/",
139,"Paul, April '22 survey",,Spiritual Warfare and Guardian Angels,,Suggestion from April survey,11/2/22
140,"Paul, April '22 survey",,Charisms ,,Suggestion from April survey,
141,"Tyler, August '22 survey",,The Galileo Controversy,,Suggestion from August survey,3/15/23
142,"Matt, August '22 survey",,What is a man? What does it mean to be a man?,,Suggestion from August survey,remove
143,"Discussion during USCCB topic, 8/24/22",,Catholic perspective on immigration policy,,What does the Catholic Church - and specifically the USCCB - teach about immigration? What policies are in line with Church teaching?,3/8/23
144,Hayes 11/30/22,,"Faith, Free Will, and Fate",,Squaring God's plan / Creation with our Free Will and the concept of Fate. Hayes has done some research on this topic through Catholic Answers.,2/15/23
145,Josh 11/30/22,,Vatican II,,"Josh is reading a book by George Weigel about Vatican II (said in January 2023 he wasn't ready yet, and might not fit our format)",8/16/23
146,"Tyler, Feb '23 survey",,Did JP2 kiss the Quran?,,,
147,"Tyler, Feb '23 survey",,Why is God in the Declaration of Independence but not in the Constitution?,,,
148,"Tyler, Feb '23 survey",,Catholic Teaching on Stem-cell research ,,,11/29/23
149,"Steven, April '23 survey",,The Holy Spirit’s role in the modern Church,,Possibly a continuation of the Vatican II discussion!,
150,Bryan,,"Frodo, Gandalf, Aragorn: Priest, Prophet, and King",,A look at the three roles we receive in baptism through the lens of Lord of the Rings,1/31/24
151,Bryan,,Synodality,,"The purpose of synod in the Church, the connection to Vatican II, and the Synod on Synodality",
152,,,"Recent papal declaration (gay blessings), Fiducia supplicans",,,2/7/24
153,,,Cross-faith talk,,"Eric's neighbor might be a good person to bring in. Could also reach out to someone at Mount Calvary Lutheran and ask if a faculty member wants to come talk to us, or if they have a men's group we can draw from.",
154,,,Who in Scripture do you identify with most?,,,
155,,,The 4th Commandment: how to care for parents,,,
156,,,St. Augustine’s confessions,,Kevin is getting into it,
157,,,"Faith, Works, and Faithfullness",,"Bryan, based on a few chapters from The Lost Message of Paul",